[
    {
        "name":  "Afghanistan",
        "flag":  "https://flagcdn.com/w320/af.png",
        "abbr":  "af"
    },
    {
        "name":  "Albania",
        "flag":  "https://flagcdn.com/w320/al.png",
        "abbr":  "al"
    },
    {
        "name":  "Algeria",
        "flag":  "https://flagcdn.com/w320/dz.png",
        "abbr":  "dz"
    },
    {
        "name":  "Andorra",
        "flag":  "https://flagcdn.com/w320/ad.png",
        "abbr":  "ad"
    },
    {
        "name":  "Angola",
        "flag":  "https://flagcdn.com/w320/ao.png",
        "abbr":  "ao"
    },
    {
        "name":  "Antigua and Barbuda",
        "flag":  "https://flagcdn.com/w320/ag.png",
        "abbr":  "ag"
    },
    {
        "name":  "Argentina",
        "flag":  "https://flagcdn.com/w320/ar.png",
        "abbr":  "ar"
    },
    {
        "name":  "Armenia",
        "flag":  "https://flagcdn.com/w320/am.png",
        "abbr":  "am"
    },
    {
        "name":  "Australia",
        "flag":  "https://flagcdn.com/w320/au.png",
        "abbr":  "au"
    },
    {
        "name":  "Austria",
        "flag":  "https://flagcdn.com/w320/at.png",
        "abbr":  "at"
    },
    {
        "name":  "Azerbaijan",
        "flag":  "https://flagcdn.com/w320/az.png",
        "abbr":  "az"
    },
    {
        "name":  "Bahamas",
        "flag":  "https://flagcdn.com/w320/bs.png",
        "abbr":  "bs"
    },
    {
        "name":  "Bahrain",
        "flag":  "https://flagcdn.com/w320/bh.png",
        "abbr":  "bh"
    },
    {
        "name":  "Bangladesh",
        "flag":  "https://flagcdn.com/w320/bd.png",
        "abbr":  "bd"
    },
    {
        "name":  "Barbados",
        "flag":  "https://flagcdn.com/w320/bb.png",
        "abbr":  "bb"
    },
    {
        "name":  "Belarus",
        "flag":  "https://flagcdn.com/w320/by.png",
        "abbr":  "by"
    },
    {
        "name":  "Belgium",
        "flag":  "https://flagcdn.com/w320/be.png",
        "abbr":  "be"
    },
    {
        "name":  "Belize",
        "flag":  "https://flagcdn.com/w320/bz.png",
        "abbr":  "bz"
    },
    {
        "name":  "Benin",
        "flag":  "https://flagcdn.com/w320/bj.png",
        "abbr":  "bj"
    },
    {
        "name":  "Bhutan",
        "flag":  "https://flagcdn.com/w320/bt.png",
        "abbr":  "bt"
    },
    {
        "name":  "Bolivia",
        "flag":  "https://flagcdn.com/w320/bo.png",
        "abbr":  "bo"
    },
    {
        "name":  "Bosnia and Herzegovina",
        "flag":  "https://flagcdn.com/w320/ba.png",
        "abbr":  "ba"
    },
    {
        "name":  "Botswana",
        "flag":  "https://flagcdn.com/w320/bw.png",
        "abbr":  "bw"
    },
    {
        "name":  "Brazil",
        "flag":  "https://flagcdn.com/w320/br.png",
        "abbr":  "br"
    },
    {
        "name":  "Brunei",
        "flag":  "https://flagcdn.com/w320/bn.png",
        "abbr":  "bn"
    },
    {
        "name":  "Bulgaria",
        "flag":  "https://flagcdn.com/w320/bg.png",
        "abbr":  "bg"
    },
    {
        "name":  "Burkina Faso",
        "flag":  "https://flagcdn.com/w320/bf.png",
        "abbr":  "bf"
    },
    {
        "name":  "Burundi",
        "flag":  "https://flagcdn.com/w320/bi.png",
        "abbr":  "bi"
    },
    {
        "name":  "Cabo Verde",
        "flag":  "https://flagcdn.com/w320/cv.png",
        "abbr":  "cv"
    },
    {
        "name":  "Cambodia",
        "flag":  "https://flagcdn.com/w320/kh.png",
        "abbr":  "kh"
    },
    {
        "name":  "Cameroon",
        "flag":  "https://flagcdn.com/w320/cm.png",
        "abbr":  "cm"
    },
    {
        "name":  "Canada",
        "flag":  "https://flagcdn.com/w320/ca.png",
        "abbr":  "ca"
    },
    {
        "name":  "Central African Republic",
        "flag":  "https://flagcdn.com/w320/cf.png",
        "abbr":  "cf"
    },
    {
        "name":  "Chad",
        "flag":  "https://flagcdn.com/w320/td.png",
        "abbr":  "td"
    },
    {
        "name":  "Chile",
        "flag":  "https://flagcdn.com/w320/cl.png",
        "abbr":  "cl"
    },
    {
        "name":  "China",
        "flag":  "https://flagcdn.com/w320/cn.png",
        "abbr":  "cn"
    },
    {
        "name":  "Colombia",
        "flag":  "https://flagcdn.com/w320/co.png",
        "abbr":  "co"
    },
    {
        "name":  "Comoros",
        "flag":  "https://flagcdn.com/w320/km.png",
        "abbr":  "km"
    },
    {
        "name":  "Congo, Democratic Republic of the",
        "flag":  "https://flagcdn.com/w320/cd.png",
        "abbr":  "cd"
    },
    {
        "name":  "Congo, Republic of the",
        "flag":  "https://flagcdn.com/w320/cg.png",
        "abbr":  "cg"
    },
    {
        "name":  "Costa Rica",
        "flag":  "https://flagcdn.com/w320/cr.png",
        "abbr":  "cr"
    },
    {
        "name":  "Croatia",
        "flag":  "https://flagcdn.com/w320/hr.png",
        "abbr":  "hr"
    },
    {
        "name":  "Cuba",
        "flag":  "https://flagcdn.com/w320/cu.png",
        "abbr":  "cu"
    },
    {
        "name":  "Cyprus",
        "flag":  "https://flagcdn.com/w320/cy.png",
        "abbr":  "cy"
    },
    {
        "name":  "Czech Republic",
        "flag":  "https://flagcdn.com/w320/cz.png",
        "abbr":  "cz"
    },
    {
        "name":  "Denmark",
        "flag":  "https://flagcdn.com/w320/dk.png",
        "abbr":  "dk"
    },
    {
        "name":  "Djibouti",
        "flag":  "https://flagcdn.com/w320/dj.png",
        "abbr":  "dj"
    },
    {
        "name":  "Dominica",
        "flag":  "https://flagcdn.com/w320/dm.png",
        "abbr":  "dm"
    },
    {
        "name":  "Dominican Republic",
        "flag":  "https://flagcdn.com/w320/do.png",
        "abbr":  "do"
    },
    {
        "name":  "Ecuador",
        "flag":  "https://flagcdn.com/w320/ec.png",
        "abbr":  "ec"
    },
    {
        "name":  "Egypt",
        "flag":  "https://flagcdn.com/w320/eg.png",
        "abbr":  "eg"
    },
    {
        "name":  "El Salvador",
        "flag":  "https://flagcdn.com/w320/sv.png",
        "abbr":  "sv"
    },
    {
        "name":  "Equatorial Guinea",
        "flag":  "https://flagcdn.com/w320/gq.png",
        "abbr":  "gq"
    },
    {
        "name":  "Eritrea",
        "flag":  "https://flagcdn.com/w320/er.png",
        "abbr":  "er"
    },
    {
        "name":  "Estonia",
        "flag":  "https://flagcdn.com/w320/ee.png",
        "abbr":  "ee"
    },
    {
        "name":  "Eswatini",
        "flag":  "https://flagcdn.com/w320/sz.png",
        "abbr":  "sz"
    },
    {
        "name":  "Ethiopia",
        "flag":  "https://flagcdn.com/w320/et.png",
        "abbr":  "et"
    },
    {
        "name":  "Fiji",
        "flag":  "https://flagcdn.com/w320/fj.png",
        "abbr":  "fj"
    },
    {
        "name":  "Finland",
        "flag":  "https://flagcdn.com/w320/fi.png",
        "abbr":  "fi"
    },
    {
        "name":  "France",
        "flag":  "https://flagcdn.com/w320/fr.png",
        "abbr":  "fr"
    },
    {
        "name":  "Gabon",
        "flag":  "https://flagcdn.com/w320/ga.png",
        "abbr":  "ga"
    },
    {
        "name":  "Gambia",
        "flag":  "https://flagcdn.com/w320/gm.png",
        "abbr":  "gm"
    },
    {
        "name":  "Georgia",
        "flag":  "https://flagcdn.com/w320/ge.png",
        "abbr":  "ge"
    },
    {
        "name":  "Germany",
        "flag":  "https://flagcdn.com/w320/de.png",
        "abbr":  "de"
    },
    {
        "name":  "Ghana",
        "flag":  "https://flagcdn.com/w320/gh.png",
        "abbr":  "gh"
    },
    {
        "name":  "Greece",
        "flag":  "https://flagcdn.com/w320/gr.png",
        "abbr":  "gr"
    },
    {
        "name":  "Grenada",
        "flag":  "https://flagcdn.com/w320/gd.png",
        "abbr":  "gd"
    },
    {
        "name":  "Greenland",
        "flag":  "https://flagcdn.com/w320/gl.png",
        "abbr":  "gl"
    },
    {
        "name":  "Guatemala",
        "flag":  "https://flagcdn.com/w320/gt.png",
        "abbr":  "gt"
    },
    {
        "name":  "Guinea",
        "flag":  "https://flagcdn.com/w320/gn.png",
        "abbr":  "gn"
    },
    {
        "name":  "Guinea-Bissau",
        "flag":  "https://flagcdn.com/w320/gw.png",
        "abbr":  "gw"
    },
    {
        "name":  "Guyana",
        "flag":  "https://flagcdn.com/w320/gy.png",
        "abbr":  "gy"
    },
    {
        "name":  "Haiti",
        "flag":  "https://flagcdn.com/w320/ht.png",
        "abbr":  "ht"
    },
    {
        "name":  "Honduras",
        "flag":  "https://flagcdn.com/w320/hn.png",
        "abbr":  "hn"
    },
    {
        "name":  "Hungary",
        "flag":  "https://flagcdn.com/w320/hu.png",
        "abbr":  "hu"
    },
    {
        "name":  "Iceland",
        "flag":  "https://flagcdn.com/w320/is.png",
        "abbr":  "is"
    },
    {
        "name":  "India",
        "flag":  "https://flagcdn.com/w320/in.png",
        "abbr":  "in"
    },
    {
        "name":  "Indonesia",
        "flag":  "https://flagcdn.com/w320/id.png",
        "abbr":  "id"
    },
    {
        "name":  "Iran",
        "flag":  "https://flagcdn.com/w320/ir.png",
        "abbr":  "ir"
    },
    {
        "name":  "Iraq",
        "flag":  "https://flagcdn.com/w320/iq.png",
        "abbr":  "iq"
    },
    {
        "name":  "Ireland",
        "flag":  "https://flagcdn.com/w320/ie.png",
        "abbr":  "ie"
    },
    {
        "name":  "Israel",
        "flag":  "https://flagcdn.com/w320/il.png",
        "abbr":  "il"
    },
    {
        "name":  "Italy",
        "flag":  "https://flagcdn.com/w320/it.png",
        "abbr":  "it"
    },
    {
        "name":  "Ivory Coast",
        "flag":  "https://flagcdn.com/w320/ci.png",
        "abbr":  "ci"
    },
    {
        "name":  "Jamaica",
        "flag":  "https://flagcdn.com/w320/jm.png",
        "abbr":  "jm"
    },
    {
        "name":  "Japan",
        "flag":  "https://flagcdn.com/w320/jp.png",
        "abbr":  "jp"
    },
    {
        "name":  "Jordan",
        "flag":  "https://flagcdn.com/w320/jo.png",
        "abbr":  "jo"
    },
    {
        "name":  "Kazakhstan",
        "flag":  "https://flagcdn.com/w320/kz.png",
        "abbr":  "kz"
    },
    {
        "name":  "Kenya",
        "flag":  "https://flagcdn.com/w320/ke.png",
        "abbr":  "ke"
    },
    {
        "name":  "Kiribati",
        "flag":  "https://flagcdn.com/w320/ki.png",
        "abbr":  "ki"
    },
    {
        "name":  "Korea, North",
        "flag":  "https://flagcdn.com/w320/kp.png",
        "abbr":  "kp"
    },
    {
        "name":  "Korea, South",
        "flag":  "https://flagcdn.com/w320/kr.png",
        "abbr":  "kr"
    },
    {
        "name":  "Kosovo",
        "flag":  "https://flagcdn.com/w320/xk.png",
        "abbr":  "xk"
    },
    {
        "name":  "Kuwait",
        "flag":  "https://flagcdn.com/w320/kw.png",
        "abbr":  "kw"
    },
    {
        "name":  "Kyrgyzstan",
        "flag":  "https://flagcdn.com/w320/kg.png",
        "abbr":  "kg"
    },
    {
        "name":  "Laos",
        "flag":  "https://flagcdn.com/w320/la.png",
        "abbr":  "la"
    },
    {
        "name":  "Latvia",
        "flag":  "https://flagcdn.com/w320/lv.png",
        "abbr":  "lv"
    },
    {
        "name":  "Lebanon",
        "flag":  "https://flagcdn.com/w320/lb.png",
        "abbr":  "lb"
    },
    {
        "name":  "Lesotho",
        "flag":  "https://flagcdn.com/w320/ls.png",
        "abbr":  "ls"
    },
    {
        "name":  "Liberia",
        "flag":  "https://flagcdn.com/w320/lr.png",
        "abbr":  "lr"
    },
    {
        "name":  "Libya",
        "flag":  "https://flagcdn.com/w320/ly.png",
        "abbr":  "ly"
    },
    {
        "name":  "Liechtenstein",
        "flag":  "https://flagcdn.com/w320/li.png",
        "abbr":  "li"
    },
    {
        "name":  "Lithuania",
        "flag":  "https://flagcdn.com/w320/lt.png",
        "abbr":  "lt"
    },
    {
        "name":  "Luxembourg",
        "flag":  "https://flagcdn.com/w320/lu.png",
        "abbr":  "lu"
    },
    {
        "name":  "Madagascar",
        "flag":  "https://flagcdn.com/w320/mg.png",
        "abbr":  "mg"
    },
    {
        "name":  "Malawi",
        "flag":  "https://flagcdn.com/w320/mw.png",
        "abbr":  "mw"
    },
    {
        "name":  "Malaysia",
        "flag":  "https://flagcdn.com/w320/my.png",
        "abbr":  "my"
    },
    {
        "name":  "Maldives",
        "flag":  "https://flagcdn.com/w320/mv.png",
        "abbr":  "mv"
    },
    {
        "name":  "Mali",
        "flag":  "https://flagcdn.com/w320/ml.png",
        "abbr":  "ml"
    },
    {
        "name":  "Malta",
        "flag":  "https://flagcdn.com/w320/mt.png",
        "abbr":  "mt"
    },
    {
        "name":  "Marshall Islands",
        "flag":  "https://flagcdn.com/w320/mh.png",
        "abbr":  "mh"
    },
    {
        "name":  "Mauritania",
        "flag":  "https://flagcdn.com/w320/mr.png",
        "abbr":  "mr"
    },
    {
        "name":  "Mauritius",
        "flag":  "https://flagcdn.com/w320/mu.png",
        "abbr":  "mu"
    },
    {
        "name":  "Mexico",
        "flag":  "https://flagcdn.com/w320/mx.png",
        "abbr":  "mx"
    },
    {
        "name":  "Micronesia",
        "flag":  "https://flagcdn.com/w320/fm.png",
        "abbr":  "fm"
    },
    {
        "name":  "Moldova",
        "flag":  "https://flagcdn.com/w320/md.png",
        "abbr":  "md"
    },
    {
        "name":  "Monaco",
        "flag":  "https://flagcdn.com/w320/mc.png",
        "abbr":  "mc"
    },
    {
        "name":  "Mongolia",
        "flag":  "https://flagcdn.com/w320/mn.png",
        "abbr":  "mn"
    },
    {
        "name":  "Montenegro",
        "flag":  "https://flagcdn.com/w320/me.png",
        "abbr":  "me"
    },
    {
        "name":  "Morocco",
        "flag":  "https://flagcdn.com/w320/ma.png",
        "abbr":  "ma"
    },
    {
        "name":  "Mozambique",
        "flag":  "https://flagcdn.com/w320/mz.png",
        "abbr":  "mz"
    },
    {
        "name":  "Myanmar",
        "flag":  "https://flagcdn.com/w320/mm.png",
        "abbr":  "mm"
    },
    {
        "name":  "Namibia",
        "flag":  "https://flagcdn.com/w320/na.png",
        "abbr":  "na"
    },
    {
        "name":  "Nauru",
        "flag":  "https://flagcdn.com/w320/nr.png",
        "abbr":  "nr"
    },
    {
        "name":  "Nepal",
        "flag":  "https://flagcdn.com/w320/np.png",
        "abbr":  "np"
    },
    {
        "name":  "Netherlands",
        "flag":  "https://flagcdn.com/w320/nl.png",
        "abbr":  "nl"
    },
    {
        "name":  "New Zealand",
        "flag":  "https://flagcdn.com/w320/nz.png",
        "abbr":  "nz"
    },
    {
        "name":  "Nicaragua",
        "flag":  "https://flagcdn.com/w320/ni.png",
        "abbr":  "ni"
    },
    {
        "name":  "Niger",
        "flag":  "https://flagcdn.com/w320/ne.png",
        "abbr":  "ne"
    },
    {
        "name":  "Nigeria",
        "flag":  "https://flagcdn.com/w320/ng.png",
        "abbr":  "ng"
    },
    {
        "name":  "North Macedonia",
        "flag":  "https://flagcdn.com/w320/mk.png",
        "abbr":  "mk"
    },
    {
        "name":  "Norway",
        "flag":  "https://flagcdn.com/w320/no.png",
        "abbr":  "no"
    },
    {
        "name":  "Oman",
        "flag":  "https://flagcdn.com/w320/om.png",
        "abbr":  "om"
    },
    {
        "name":  "Pakistan",
        "flag":  "https://flagcdn.com/w320/pk.png",
        "abbr":  "pk"
    },
    {
        "name":  "Palau",
        "flag":  "https://flagcdn.com/w320/pw.png",
        "abbr":  "pw"
    },
    {
        "name":  "Palestine",
        "flag":  "https://flagcdn.com/w320/ps.png",
        "abbr":  "ps"
    },
    {
        "name":  "Panama",
        "flag":  "https://flagcdn.com/w320/pa.png",
        "abbr":  "pa"
    },
    {
        "name":  "Papua New Guinea",
        "flag":  "https://flagcdn.com/w320/pg.png",
        "abbr":  "pg"
    },
    {
        "name":  "Paraguay",
        "flag":  "https://flagcdn.com/w320/py.png",
        "abbr":  "py"
    },
    {
        "name":  "Peru",
        "flag":  "https://flagcdn.com/w320/pe.png",
        "abbr":  "pe"
    },
    {
        "name":  "Philippines",
        "flag":  "https://flagcdn.com/w320/ph.png",
        "abbr":  "ph"
    },
    {
        "name":  "Poland",
        "flag":  "https://flagcdn.com/w320/pl.png",
        "abbr":  "pl"
    },
    {
        "name":  "Portugal",
        "flag":  "https://flagcdn.com/w320/pt.png",
        "abbr":  "pt"
    },
    {
        "name":  "Qatar",
        "flag":  "https://flagcdn.com/w320/qa.png",
        "abbr":  "qa"
    },
    {
        "name":  "Romania",
        "flag":  "https://flagcdn.com/w320/ro.png",
        "abbr":  "ro"
    },
    {
        "name":  "Russia",
        "flag":  "https://flagcdn.com/w320/ru.png",
        "abbr":  "ru"
    },
    {
        "name":  "Rwanda",
        "flag":  "https://flagcdn.com/w320/rw.png",
        "abbr":  "rw"
    },
    {
        "name":  "Saint Kitts and Nevis",
        "flag":  "https://flagcdn.com/w320/kn.png",
        "abbr":  "kn"
    },
    {
        "name":  "Saint Lucia",
        "flag":  "https://flagcdn.com/w320/lc.png",
        "abbr":  "lc"
    },
    {
        "name":  "Saint Vincent and the Grenadines",
        "flag":  "https://flagcdn.com/w320/vc.png",
        "abbr":  "vc"
    },
    {
        "name":  "Samoa",
        "flag":  "https://flagcdn.com/w320/ws.png",
        "abbr":  "ws"
    },
    {
        "name":  "San Marino",
        "flag":  "https://flagcdn.com/w320/sm.png",
        "abbr":  "sm"
    },
    {
        "name":  "Sao Tome and Principe",
        "flag":  "https://flagcdn.com/w320/st.png",
        "abbr":  "st"
    },
    {
        "name":  "Saudi Arabia",
        "flag":  "https://flagcdn.com/w320/sa.png",
        "abbr":  "sa"
    },
    {
        "name":  "Senegal",
        "flag":  "https://flagcdn.com/w320/sn.png",
        "abbr":  "sn"
    },
    {
        "name":  "Serbia",
        "flag":  "https://flagcdn.com/w320/rs.png",
        "abbr":  "rs"
    },
    {
        "name":  "Seychelles",
        "flag":  "https://flagcdn.com/w320/sc.png",
        "abbr":  "sc"
    },
    {
        "name":  "Sierra Leone",
        "flag":  "https://flagcdn.com/w320/sl.png",
        "abbr":  "sl"
    },
    {
        "name":  "Singapore",
        "flag":  "https://flagcdn.com/w320/sg.png",
        "abbr":  "sg"
    },
    {
        "name":  "Slovakia",
        "flag":  "https://flagcdn.com/w320/sk.png",
        "abbr":  "sk"
    },
    {
        "name":  "Slovenia",
        "flag":  "https://flagcdn.com/w320/si.png",
        "abbr":  "si"
    },
    {
        "name":  "Solomon Islands",
        "flag":  "https://flagcdn.com/w320/sb.png",
        "abbr":  "sb"
    },
    {
        "name":  "Somalia",
        "flag":  "https://flagcdn.com/w320/so.png",
        "abbr":  "so"
    },
    {
        "name":  "South Africa",
        "flag":  "https://flagcdn.com/w320/za.png",
        "abbr":  "za"
    },
    {
        "name":  "South Sudan",
        "flag":  "https://flagcdn.com/w320/ss.png",
        "abbr":  "ss"
    },
    {
        "name":  "Spain",
        "flag":  "https://flagcdn.com/w320/es.png",
        "abbr":  "es"
    },
    {
        "name":  "Sri Lanka",
        "flag":  "https://flagcdn.com/w320/lk.png",
        "abbr":  "lk"
    },
    {
        "name":  "Sudan",
        "flag":  "https://flagcdn.com/w320/sd.png",
        "abbr":  "sd"
    },
    {
        "name":  "Suriname",
        "flag":  "https://flagcdn.com/w320/sr.png",
        "abbr":  "sr"
    },
    {
        "name":  "Sweden",
        "flag":  "https://flagcdn.com/w320/se.png",
        "abbr":  "se"
    },
    {
        "name":  "Switzerland",
        "flag":  "https://flagcdn.com/w320/ch.png",
        "abbr":  "ch"
    },
    {
        "name":  "Syria",
        "flag":  "https://flagcdn.com/w320/sy.png",
        "abbr":  "sy"
    },
    {
        "name":  "Taiwan",
        "flag":  "https://flagcdn.com/w320/tw.png",
        "abbr":  "tw"
    },
    {
        "name":  "Tajikistan",
        "flag":  "https://flagcdn.com/w320/tj.png",
        "abbr":  "tj"
    },
    {
        "name":  "Tanzania",
        "flag":  "https://flagcdn.com/w320/tz.png",
        "abbr":  "tz"
    },
    {
        "name":  "Thailand",
        "flag":  "https://flagcdn.com/w320/th.png",
        "abbr":  "th"
    },
    {
        "name":  "Timor-Leste",
        "flag":  "https://flagcdn.com/w320/tl.png",
        "abbr":  "tl"
    },
    {
        "name":  "Togo",
        "flag":  "https://flagcdn.com/w320/tg.png",
        "abbr":  "tg"
    },
    {
        "name":  "Tonga",
        "flag":  "https://flagcdn.com/w320/to.png",
        "abbr":  "to"
    },
    {
        "name":  "Trinidad and Tobago",
        "flag":  "https://flagcdn.com/w320/tt.png",
        "abbr":  "tt"
    },
    {
        "name":  "Tunisia",
        "flag":  "https://flagcdn.com/w320/tn.png",
        "abbr":  "tn"
    },
    {
        "name":  "Turkey",
        "flag":  "https://flagcdn.com/w320/tr.png",
        "abbr":  "tr"
    },
    {
        "name":  "Turkmenistan",
        "flag":  "https://flagcdn.com/w320/tm.png",
        "abbr":  "tm"
    },
    {
        "name":  "Tuvalu",
        "flag":  "https://flagcdn.com/w320/tv.png",
        "abbr":  "tv"
    },
    {
        "name":  "Uganda",
        "flag":  "https://flagcdn.com/w320/ug.png",
        "abbr":  "ug"
    },
    {
        "name":  "Ukraine",
        "flag":  "https://flagcdn.com/w320/ua.png",
        "abbr":  "ua"
    },
    {
        "name":  "United Arab Emirates",
        "flag":  "https://flagcdn.com/w320/ae.png",
        "abbr":  "ae"
    },
    {
        "name":  "United Kingdom",
        "flag":  "https://flagcdn.com/w320/gb.png",
        "abbr":  "gb"
    },
    {
        "name":  "United States",
        "flag":  "https://flagcdn.com/w320/us.png",
        "abbr":  "us"
    },
    {
        "name":  "Uruguay",
        "flag":  "https://flagcdn.com/w320/uy.png",
        "abbr":  "uy"
    },
    {
        "name":  "Uzbekistan",
        "flag":  "https://flagcdn.com/w320/uz.png",
        "abbr":  "uz"
    },
    {
        "name":  "Vanuatu",
        "flag":  "https://flagcdn.com/w320/vu.png",
        "abbr":  "vu"
    },
    {
        "name":  "Vatican City",
        "flag":  "https://flagcdn.com/w320/va.png",
        "abbr":  "va"
    },
    {
        "name":  "Venezuela",
        "flag":  "https://flagcdn.com/w320/ve.png",
        "abbr":  "ve"
    },
    {
        "name":  "Vietnam",
        "flag":  "https://flagcdn.com/w320/vn.png",
        "abbr":  "vn"
    },
    {
        "name":  "Yemen",
        "flag":  "https://flagcdn.com/w320/ye.png",
        "abbr":  "ye"
    },
    {
        "name":  "Zambia",
        "flag":  "https://flagcdn.com/w320/zm.png",
        "abbr":  "zm"
    },
    {
        "name":  "Zimbabwe",
        "flag":  "https://flagcdn.com/w320/zw.png",
        "abbr":  "zw"
    },
    {
        "name":  "Abkhazia",
        "flag":  "https://flagcdn.com/w320/ab.png",
        "abbr":  "ab"
    },
    {
        "name":  "Cook Islands",
        "flag":  "https://flagcdn.com/w320/ck.png",
        "abbr":  "ck"
    },
    {
        "name":  "Kosovo",
        "flag":  "https://flagcdn.com/w320/xk.png",
        "abbr":  "xk"
    },
    {
        "name":  "Niue",
        "flag":  "https://flagcdn.com/w320/nu.png",
        "abbr":  "nu"
    },
    {
        "name":  "Northern Cyprus",
        "flag":  "https://flagcdn.com/w320/cy.png",
        "abbr":  "cy"
    },
    {
        "name":  "Sahrawi Arab Democratic Republic",
        "flag":  "https://flagcdn.com/w320/eh.png",
        "abbr":  "eh"
    },
    {
        "name":  "Somaliland",
        "flag":  "https://flagcdn.com/w320/so.png",
        "abbr":  "so"
    },
    {
        "name":  "South Ossetia",
        "flag":  "https://flagcdn.com/w320/os.png",
        "abbr":  "os"
    },
    {
        "name":  "Transnistria",
        "flag":  "https://flagcdn.com/w320/md.png",
        "abbr":  "md"
    },
    {
        "name":  "Western Sahara",
        "flag":  "https://flagcdn.com/w320/eh.png",
        "abbr":  "eh"
    },
    {
        "name":  "Anguilla",
        "flag":  "https://flagcdn.com/w320/ai.png",
        "abbr":  "ai"
    },
    {
        "name":  "Aruba",
        "flag":  "https://flagcdn.com/w320/aw.png",
        "abbr":  "aw"
    },
    {
        "name":  "Bermuda",
        "flag":  "https://flagcdn.com/w320/bm.png",
        "abbr":  "bm"
    },
    {
        "name":  "British Virgin Islands",
        "flag":  "https://flagcdn.com/w320/vg.png",
        "abbr":  "vg"
    },
    {
        "name":  "Cayman Islands",
        "flag":  "https://flagcdn.com/w320/ky.png",
        "abbr":  "ky"
    },
    {
        "name":  "Falkland Islands",
        "flag":  "https://flagcdn.com/w320/fk.png",
        "abbr":  "fk"
    },
    {
        "name":  "Faroe Islands",
        "flag":  "https://flagcdn.com/w320/fo.png",
        "abbr":  "fo"
    },
    {
        "name":  "Gibraltar",
        "flag":  "https://flagcdn.com/w320/gi.png",
        "abbr":  "gi"
    },
    {
        "name":  "Greenland",
        "flag":  "https://flagcdn.com/w320/gl.png",
        "abbr":  "gl"
    },
    {
        "name":  "Guernsey",
        "flag":  "https://flagcdn.com/w320/gg.png",
        "abbr":  "gg"
    },
    {
        "name":  "Isle of Man",
        "flag":  "https://flagcdn.com/w320/im.png",
        "abbr":  "im"
    },
    {
        "name":  "Jersey",
        "flag":  "https://flagcdn.com/w320/je.png",
        "abbr":  "je"
    },
    {
        "name":  "Montserrat",
        "flag":  "https://flagcdn.com/w320/ms.png",
        "abbr":  "ms"
    },
    {
        "name":  "New Caledonia",
        "flag":  "https://flagcdn.com/w320/nc.png",
        "abbr":  "nc"
    },
    {
        "name":  "Puerto Rico",
        "flag":  "https://flagcdn.com/w320/pr.png",
        "abbr":  "pr"
    },
    {
        "name":  "Saint Barthélemy",
        "flag":  "https://flagcdn.com/w320/bl.png",
        "abbr":  "bl"
    },
    {
        "name":  "Saint Helena",
        "flag":  "https://flagcdn.com/w320/sh.png",
        "abbr":  "sh"
    },
    {
        "name":  "Saint Martin",
        "flag":  "https://flagcdn.com/w320/mf.png",
        "abbr":  "mf"
    },
    {
        "name":  "Saint Pierre and Miquelon",
        "flag":  "https://flagcdn.com/w320/pm.png",
        "abbr":  "pm"
    },
    {
        "name":  "Turks and Caicos Islands",
        "flag":  "https://flagcdn.com/w320/tc.png",
        "abbr":  "tc"
    },
    {
        "name":  "Wallis and Futuna",
        "flag":  "https://flagcdn.com/w320/wf.png",
        "abbr":  "wf"
    },
    {
        "name":  "American Samoa",
        "flag":  "https://flagcdn.com/w320/as.png",
        "abbr":  "as"
    },
    {
        "name":  "French Polynesia",
        "flag":  "https://flagcdn.com/w320/pf.png",
        "abbr":  "pf"
    },
    {
        "name":  "Guam",
        "flag":  "https://flagcdn.com/w320/gu.png",
        "abbr":  "gu"
    },
    {
        "name":  "Hong Kong",
        "flag":  "https://flagcdn.com/w320/hk.png",
        "abbr":  "hk"
    },
    {
        "name":  "Macau",
        "flag":  "https://flagcdn.com/w320/mo.png",
        "abbr":  "mo"
    },
    {
        "name":  "Northern Mariana Islands",
        "flag":  "https://flagcdn.com/w320/mp.png",
        "abbr":  "mp"
    },
    {
        "name":  "Réunion",
        "flag":  "https://flagcdn.com/w320/re.png",
        "abbr":  "re"
    },
    {
        "name":  "Tokelau",
        "flag":  "https://flagcdn.com/w320/tk.png",
        "abbr":  "tk"
    },
    {
        "name":  "Åland Islands",
        "flag":  "https://flagcdn.com/w320/ax.png",
        "abbr":  "ax"
    },
    {
        "name":  "Azores",
        "flag":  "https://flagcdn.com/w320/pt-20.png",
        "abbr":  "pt-20"
    },
    {
        "name":  "Canary Islands",
        "flag":  "https://flagcdn.com/w320/ic.png",
        "abbr":  "ic"
    },
    {
        "name":  "Madeira",
        "flag":  "https://flagcdn.com/w320/pt-30.png",
        "abbr":  "pt-30"
    },
    {
        "name":  "Mayotte",
        "flag":  "https://flagcdn.com/w320/yt.png",
        "abbr":  "yt"
    },
    {
        "name":  "Svalbard and Jan Mayen",
        "flag":  "https://flagcdn.com/w320/sj.png",
        "abbr":  "sj"
    },
    {
        "name":  "Bouvet Island",
        "flag":  "https://flagcdn.com/w320/bv.png",
        "abbr":  "bv"
    },
    {
        "name":  "Christmas Island",
        "flag":  "https://flagcdn.com/w320/cx.png",
        "abbr":  "cx"
    },
    {
        "name":  "Cocos (Keeling) Islands",
        "flag":  "https://flagcdn.com/w320/cc.png",
        "abbr":  "cc"
    },
    {
        "name":  "Heard Island and McDonald Islands",
        "flag":  "https://flagcdn.com/w320/hm.png",
        "abbr":  "hm"
    },
    {
        "name":  "Norfolk Island",
        "flag":  "https://flagcdn.com/w320/nf.png",
        "abbr":  "nf"
    },
    {
        "name":  "Saint Helena, Ascension and Tristan da Cunha",
        "flag":  "https://flagcdn.com/w320/sh.png",
        "abbr":  "sh"
    },
    {
        "name":  "British Indian Ocean Territory",
        "flag":  "https://flagcdn.com/w320/io.png",
        "abbr":  "io"
    }
]

